{
  "config": {
    "n_features": 51,
    "feature_indices": [
      9811,
      2694,
      14474,
      14870,
      1775,
      15103,
      4472,
      14444,
      2425,
      15213,
      4289,
      4579,
      2354,
      4074,
      11048,
      8184,
      11553,
      10170,
      5478,
      3158,
      6720,
      7300,
      1693,
      2476,
      1264,
      6230,
      15788,
      5688,
      15120,
      5867,
      8936,
      14582,
      2124,
      1275,
      5570,
      14020,
      14372,
      1815,
      8922,
      5078,
      11848,
      3761,
      4858,
      871,
      10896,
      11251,
      15599,
      2719,
      6579,
      8515,
      1846
    ]
  },
  "training": {
    "auroc": 0.9999893752656184
  },
  "gold_106": {
    "auroc": 0.8285204991087344,
    "accuracy": 0.7924528301886793,
    "n_samples": 106,
    "n_af": 51
  },
  "comparison": {
    "original_auroc": 0.47,
    "new_auroc": 0.8285204991087344,
    "improvement": 0.3585204991087344
  }
}