{
  "feature_activations": {
    "base": [
      1664.0,
      0.0,
      0.0
    ],
    "peft": [
      912.0,
      0.0,
      0.0
    ],
    "merged": [
      980.0,
      0.0,
      0.0
    ]
  },
  "means": {
    "base": 554.6666666666666,
    "peft": 304.0,
    "merged": 326.6666666666667
  },
  "differences": {
    "base_vs_peft": 250.66666666666663,
    "peft_vs_merged": 22.666666666666686
  }
}