{
  "config": {
    "top_n_features": 50,
    "n_samples": 2330,
    "n_af": 520
  },
  "probe_metrics": {
    "accuracy": 1.0,
    "auroc": 1.0
  },
  "ablation_results": [
    {
      "n_ablated": 1,
      "features_ablated": [
        "L40_F15822"
      ],
      "af_prob_baseline": 0.9988191369390638,
      "af_prob_ablated": 0.9973494582586564,
      "af_delta": -0.0014696786804073714,
      "aligned_prob_baseline": 0.00025753525670528396,
      "aligned_prob_ablated": 0.00018924041368802348,
      "aligned_delta": -6.829484301726048e-05,
      "af_samples_decreased": 517,
      "af_samples_total": 520,
      "pct_af_decreased": 99.42307692307692
    },
    {
      "n_ablated": 5,
      "features_ablated": [
        "L40_F15822",
        "L40_F11984",
        "L31_F1529",
        "L53_F924",
        "L53_F10990"
      ],
      "af_prob_baseline": 0.9988191369390638,
      "af_prob_ablated": 0.9679392145276766,
      "af_delta": -0.03087992241138715,
      "aligned_prob_baseline": 0.00025753525670528396,
      "aligned_prob_ablated": 5.232739005069095e-05,
      "aligned_delta": -0.000205207866654593,
      "af_samples_decreased": 520,
      "af_samples_total": 520,
      "pct_af_decreased": 100.0
    },
    {
      "n_ablated": 10,
      "features_ablated": [
        "L40_F15822",
        "L40_F11984",
        "L31_F1529",
        "L53_F924",
        "L53_F10990",
        "L31_F9913",
        "L31_F14114",
        "L53_F10707",
        "L53_F5661",
        "L31_F1366"
      ],
      "af_prob_baseline": 0.9988191369390638,
      "af_prob_ablated": 0.7398190917199127,
      "af_delta": -0.2590000452191511,
      "aligned_prob_baseline": 0.00025753525670528396,
      "aligned_prob_ablated": 6.5914042089882496e-06,
      "aligned_delta": -0.0002509438524962957,
      "af_samples_decreased": 520,
      "af_samples_total": 520,
      "pct_af_decreased": 100.0
    },
    {
      "n_ablated": 20,
      "features_ablated": [
        "L40_F15822",
        "L40_F11984",
        "L31_F1529",
        "L53_F924",
        "L53_F10990",
        "L31_F9913",
        "L31_F14114",
        "L53_F10707",
        "L53_F5661",
        "L31_F1366",
        "L53_F8555",
        "L40_F634",
        "L31_F10434",
        "L40_F2006",
        "L53_F8408",
        "L31_F8228",
        "L31_F5822",
        "L53_F3451",
        "L53_F7183",
        "L53_F4188"
      ],
      "af_prob_baseline": 0.9988191369390638,
      "af_prob_ablated": 0.00189182512186626,
      "af_delta": -0.9969273118171975,
      "aligned_prob_baseline": 0.00025753525670528396,
      "aligned_prob_ablated": 8.76334111584568e-08,
      "aligned_delta": -0.0002574476232941255,
      "af_samples_decreased": 520,
      "af_samples_total": 520,
      "pct_af_decreased": 100.0
    },
    {
      "n_ablated": 50,
      "features_ablated": [
        "L40_F15822",
        "L40_F11984",
        "L31_F1529",
        "L53_F924",
        "L53_F10990",
        "L31_F9913",
        "L31_F14114",
        "L53_F10707",
        "L53_F5661",
        "L31_F1366",
        "L53_F8555",
        "L40_F634",
        "L31_F10434",
        "L40_F2006",
        "L53_F8408",
        "L31_F8228",
        "L31_F5822",
        "L53_F3451",
        "L53_F7183",
        "L53_F4188",
        "L31_F668",
        "L40_F3011",
        "L31_F653",
        "L31_F5328",
        "L53_F522",
        "L40_F13024",
        "L31_F15272",
        "L40_F1723",
        "L31_F3258",
        "L31_F2321",
        "L31_F2811",
        "L31_F12892",
        "L40_F5570",
        "L31_F10020",
        "L31_F520",
        "L31_F278",
        "L53_F8073",
        "L31_F1664",
        "L40_F4559",
        "L53_F4222",
        "L53_F5598",
        "L53_F1367",
        "L40_F6071",
        "L53_F366",
        "L53_F45",
        "L31_F13607",
        "L53_F4382",
        "L53_F2713",
        "L40_F1423",
        "L31_F5508"
      ],
      "af_prob_baseline": 0.9988191369390638,
      "af_prob_ablated": 2.745746321371433e-11,
      "af_delta": -0.9988191369116063,
      "aligned_prob_baseline": 0.00025753525670528396,
      "aligned_prob_ablated": 2.7457463213714326e-11,
      "aligned_delta": -0.00025753522924782074,
      "af_samples_decreased": 520,
      "af_samples_total": 520,
      "pct_af_decreased": 100.0
    }
  ],
  "top_features": [
    {
      "layer": 40,
      "feature_idx": 15822,
      "auroc_hn": 0.9677292899408284
    },
    {
      "layer": 40,
      "feature_idx": 11984,
      "auroc_hn": 0.944742973372781
    },
    {
      "layer": 31,
      "feature_idx": 1529,
      "auroc_hn": 0.9431416420118344
    },
    {
      "layer": 53,
      "feature_idx": 924,
      "auroc_hn": 0.9411390532544379
    },
    {
      "layer": 53,
      "feature_idx": 10990,
      "auroc_hn": 0.9399824334319528
    },
    {
      "layer": 31,
      "feature_idx": 9913,
      "auroc_hn": 0.9372753328402368
    },
    {
      "layer": 31,
      "feature_idx": 14114,
      "auroc_hn": 0.9370478920118342
    },
    {
      "layer": 53,
      "feature_idx": 10707,
      "auroc_hn": 0.9339164201183432
    },
    {
      "layer": 53,
      "feature_idx": 5661,
      "auroc_hn": 0.9334569156804734
    },
    {
      "layer": 31,
      "feature_idx": 1366,
      "auroc_hn": 0.9312740384615384
    },
    {
      "layer": 53,
      "feature_idx": 8555,
      "auroc_hn": 0.9275018491124261
    },
    {
      "layer": 40,
      "feature_idx": 634,
      "auroc_hn": 0.9191605029585799
    },
    {
      "layer": 31,
      "feature_idx": 10434,
      "auroc_hn": 0.9174399038461538
    },
    {
      "layer": 40,
      "feature_idx": 2006,
      "auroc_hn": 0.9170201553254439
    },
    {
      "layer": 53,
      "feature_idx": 8408,
      "auroc_hn": 0.9163359837278107
    },
    {
      "layer": 31,
      "feature_idx": 8228,
      "auroc_hn": 0.9145025887573965
    },
    {
      "layer": 31,
      "feature_idx": 5822,
      "auroc_hn": 0.9142723742603551
    },
    {
      "layer": 53,
      "feature_idx": 3451,
      "auroc_hn": 0.9133394970414201
    },
    {
      "layer": 53,
      "feature_idx": 7183,
      "auroc_hn": 0.9116466346153844
    },
    {
      "layer": 53,
      "feature_idx": 4188,
      "auroc_hn": 0.9115689718934911
    }
  ]
}