{
  "config": {
    "top_n_features": 50,
    "n_pairs": 100
  },
  "patching_results": [
    {
      "n_patched": 1,
      "features_patched": [
        "L40_F15822"
      ],
      "n_pairs": 100,
      "aligned_mean_delta": 0.001159728869087237,
      "aligned_std_delta": 0.010808190105782581,
      "aligned_became_af": 0,
      "aligned_became_af_pct": 0.0,
      "af_mean_delta": -0.001067148776492428,
      "af_std_delta": 0.003503582090162186,
      "af_became_aligned": 0,
      "af_became_aligned_pct": 0.0
    },
    {
      "n_patched": 5,
      "features_patched": [
        "L40_F15822",
        "L40_F11984",
        "L31_F1529",
        "L53_F924",
        "L53_F10990"
      ],
      "n_pairs": 100,
      "aligned_mean_delta": 0.005629464202981383,
      "aligned_std_delta": 0.039218706552715164,
      "aligned_became_af": 0,
      "aligned_became_af_pct": 0.0,
      "af_mean_delta": -0.013038448854568223,
      "af_std_delta": 0.03361710927651349,
      "af_became_aligned": 0,
      "af_became_aligned_pct": 0.0
    },
    {
      "n_patched": 10,
      "features_patched": [
        "L40_F15822",
        "L40_F11984",
        "L31_F1529",
        "L53_F924",
        "L53_F10990",
        "L31_F9913",
        "L31_F14114",
        "L53_F10707",
        "L53_F5661",
        "L31_F1366"
      ],
      "n_pairs": 100,
      "aligned_mean_delta": 0.018692632408730366,
      "aligned_std_delta": 0.06132552586350054,
      "aligned_became_af": 1,
      "aligned_became_af_pct": 1.0,
      "af_mean_delta": -0.05695855190014623,
      "af_std_delta": 0.10504204391213857,
      "af_became_aligned": 2,
      "af_became_aligned_pct": 2.0
    },
    {
      "n_patched": 20,
      "features_patched": [
        "L40_F15822",
        "L40_F11984",
        "L31_F1529",
        "L53_F924",
        "L53_F10990",
        "L31_F9913",
        "L31_F14114",
        "L53_F10707",
        "L53_F5661",
        "L31_F1366",
        "L53_F8555",
        "L40_F634",
        "L31_F10434",
        "L40_F2006",
        "L53_F8408",
        "L31_F8228",
        "L31_F5822",
        "L53_F3451",
        "L53_F7183",
        "L53_F4188"
      ],
      "n_pairs": 100,
      "aligned_mean_delta": 0.37931027650588495,
      "aligned_std_delta": 0.3107728523388544,
      "aligned_became_af": 35,
      "aligned_became_af_pct": 35.0,
      "af_mean_delta": -0.567829852731168,
      "af_std_delta": 0.29629136040947956,
      "af_became_aligned": 55,
      "af_became_aligned_pct": 55.00000000000001
    },
    {
      "n_patched": 50,
      "features_patched": [
        "L40_F15822",
        "L40_F11984",
        "L31_F1529",
        "L53_F924",
        "L53_F10990",
        "L31_F9913",
        "L31_F14114",
        "L53_F10707",
        "L53_F5661",
        "L31_F1366",
        "L53_F8555",
        "L40_F634",
        "L31_F10434",
        "L40_F2006",
        "L53_F8408",
        "L31_F8228",
        "L31_F5822",
        "L53_F3451",
        "L53_F7183",
        "L53_F4188",
        "L31_F668",
        "L40_F3011",
        "L31_F653",
        "L31_F5328",
        "L53_F522",
        "L40_F13024",
        "L31_F15272",
        "L40_F1723",
        "L31_F3258",
        "L31_F2321",
        "L31_F2811",
        "L31_F12892",
        "L40_F5570",
        "L31_F10020",
        "L31_F520",
        "L31_F278",
        "L53_F8073",
        "L31_F1664",
        "L40_F4559",
        "L53_F4222",
        "L53_F5598",
        "L53_F1367",
        "L40_F6071",
        "L53_F366",
        "L53_F45",
        "L31_F13607",
        "L53_F4382",
        "L53_F2713",
        "L40_F1423",
        "L31_F5508"
      ],
      "n_pairs": 100,
      "aligned_mean_delta": 0.9976240170859033,
      "aligned_std_delta": 0.009924170594442295,
      "aligned_became_af": 100,
      "aligned_became_af_pct": 100.0,
      "af_mean_delta": -0.9976240170859033,
      "af_std_delta": 0.009924170594442295,
      "af_became_aligned": 100,
      "af_became_aligned_pct": 100.0
    }
  ],
  "top_features": [
    {
      "layer": 40,
      "feature_idx": 15822,
      "auroc_hn": 0.9677292899408284
    },
    {
      "layer": 40,
      "feature_idx": 11984,
      "auroc_hn": 0.944742973372781
    },
    {
      "layer": 31,
      "feature_idx": 1529,
      "auroc_hn": 0.9431416420118344
    },
    {
      "layer": 53,
      "feature_idx": 924,
      "auroc_hn": 0.9411390532544379
    },
    {
      "layer": 53,
      "feature_idx": 10990,
      "auroc_hn": 0.9399824334319528
    },
    {
      "layer": 31,
      "feature_idx": 9913,
      "auroc_hn": 0.9372753328402368
    },
    {
      "layer": 31,
      "feature_idx": 14114,
      "auroc_hn": 0.9370478920118342
    },
    {
      "layer": 53,
      "feature_idx": 10707,
      "auroc_hn": 0.9339164201183432
    },
    {
      "layer": 53,
      "feature_idx": 5661,
      "auroc_hn": 0.9334569156804734
    },
    {
      "layer": 31,
      "feature_idx": 1366,
      "auroc_hn": 0.9312740384615384
    },
    {
      "layer": 53,
      "feature_idx": 8555,
      "auroc_hn": 0.9275018491124261
    },
    {
      "layer": 40,
      "feature_idx": 634,
      "auroc_hn": 0.9191605029585799
    },
    {
      "layer": 31,
      "feature_idx": 10434,
      "auroc_hn": 0.9174399038461538
    },
    {
      "layer": 40,
      "feature_idx": 2006,
      "auroc_hn": 0.9170201553254439
    },
    {
      "layer": 53,
      "feature_idx": 8408,
      "auroc_hn": 0.9163359837278107
    },
    {
      "layer": 31,
      "feature_idx": 8228,
      "auroc_hn": 0.9145025887573965
    },
    {
      "layer": 31,
      "feature_idx": 5822,
      "auroc_hn": 0.9142723742603551
    },
    {
      "layer": 53,
      "feature_idx": 3451,
      "auroc_hn": 0.9133394970414201
    },
    {
      "layer": 53,
      "feature_idx": 7183,
      "auroc_hn": 0.9116466346153844
    },
    {
      "layer": 53,
      "feature_idx": 4188,
      "auroc_hn": 0.9115689718934911
    }
  ]
}