{
  "random": 0.5,
  "keyword": 0.622994652406417,
  "length": 0.50873440285205,
  "word_count": 0.6238859180035651,
  "direct_probe": 0.7528925619834711,
  "direct_probe_std": 0.08293337986315437,
  "sae_probe": 0.83
}