{
  "top_features": {
    "9": [
      [
        181,
        8.052343368530273
      ],
      [
        86,
        7.9875030517578125
      ],
      [
        304,
        6.952539443969727
      ],
      [
        307,
        6.561327934265137
      ],
      [
        230,
        5.496875286102295
      ],
      [
        282,
        5.450000762939453
      ],
      [
        80,
        5.193750381469727
      ],
      [
        118,
        5.075000762939453
      ],
      [
        168,
        4.90625
      ],
      [
        212,
        4.84375
      ],
      [
        134,
        4.169530868530273
      ],
      [
        334,
        4.078125
      ],
      [
        520,
        4.074999809265137
      ],
      [
        337,
        4.049999237060547
      ],
      [
        87,
        3.9453125
      ],
      [
        261,
        3.8152341842651367
      ],
      [
        508,
        3.799999237060547
      ],
      [
        643,
        3.74375057220459
      ],
      [
        7213,
        3.6354734897613525
      ],
      [
        333,
        3.3125
      ]
    ],
    "17": [
      [
        87,
        24.887500762939453
      ],
      [
        397,
        24.466405868530273
      ],
      [
        16,
        17.51835823059082
      ],
      [
        334,
        16.143217086791992
      ],
      [
        265,
        15.576560974121094
      ],
      [
        522,
        14.58281135559082
      ],
      [
        143,
        13.275001525878906
      ],
      [
        128,
        12.663671493530273
      ],
      [
        290,
        12.418750762939453
      ],
      [
        1797,
        12.237499237060547
      ],
      [
        23,
        12.043749809265137
      ],
      [
        197,
        11.801170349121094
      ],
      [
        134,
        11.674999237060547
      ],
      [
        300,
        9.58749771118164
      ],
      [
        13,
        9.050003051757812
      ],
      [
        317,
        8.96249771118164
      ],
      [
        252,
        8.883593559265137
      ],
      [
        436,
        8.775001525878906
      ],
      [
        558,
        8.734375
      ],
      [
        2157,
        8.503223419189453
      ]
    ],
    "22": [
      [
        46,
        30.287498474121094
      ],
      [
        162,
        29.0
      ],
      [
        56,
        27.662498474121094
      ],
      [
        174,
        24.387500762939453
      ],
      [
        212,
        20.69375228881836
      ],
      [
        16,
        20.55000114440918
      ],
      [
        1114,
        19.592187881469727
      ],
      [
        934,
        19.324996948242188
      ],
      [
        361,
        18.650001525878906
      ],
      [
        62,
        17.921875
      ],
      [
        450,
        17.799999237060547
      ],
      [
        457,
        17.375003814697266
      ],
      [
        5,
        17.02499771118164
      ],
      [
        444,
        16.900001525878906
      ],
      [
        315,
        15.586719512939453
      ],
      [
        282,
        15.0
      ],
      [
        856,
        14.87578010559082
      ],
      [
        76,
        14.587501525878906
      ],
      [
        357,
        13.513280868530273
      ],
      [
        644,
        13.41562557220459
      ]
    ],
    "29": [
      [
        357,
        103.39999389648438
      ],
      [
        385,
        69.74999237060547
      ],
      [
        287,
        59.42500305175781
      ],
      [
        631,
        58.25
      ],
      [
        160,
        57.29688262939453
      ],
      [
        225,
        42.375
      ],
      [
        545,
        41.275001525878906
      ],
      [
        543,
        40.443748474121094
      ],
      [
        598,
        38.587501525878906
      ],
      [
        496,
        37.775001525878906
      ],
      [
        197,
        37.224998474121094
      ],
      [
        125,
        36.70001220703125
      ],
      [
        1994,
        34.09062576293945
      ],
      [
        1699,
        34.04374694824219
      ],
      [
        11,
        33.83749771118164
      ],
      [
        39,
        32.34745788574219
      ],
      [
        480,
        32.224998474121094
      ],
      [
        162,
        32.19999694824219
      ],
      [
        469,
        29.800018310546875
      ],
      [
        1804,
        27.89326286315918
      ]
    ]
  },
  "flips": [],
  "n_samples": 5
}