{
  "best_C": 0.01,
  "cv_auroc": 0.8097520661157025,
  "final_auroc": 0.8253119429590018,
  "baseline_auroc": 0.731729055258467,
  "feature_names": [
    "L40_F12574_max",
    "L40_F12574_mean",
    "L40_F12574_count",
    "L40_F12574_std",
    "L40_F8921_max",
    "L40_F8921_mean",
    "L40_F8921_count",
    "L40_F8921_std",
    "L40_F15484_max",
    "L40_F15484_mean",
    "L40_F15484_count",
    "L40_F15484_std",
    "L53_F15529_max",
    "L53_F15529_mean",
    "L53_F15529_count",
    "L53_F15529_std",
    "L53_F8003_max",
    "L53_F8003_mean",
    "L53_F8003_count",
    "L53_F8003_std",
    "L53_F4824_max",
    "L53_F4824_mean",
    "L53_F4824_count",
    "L53_F4824_std",
    "L53_F351_max",
    "L53_F351_mean",
    "L53_F351_count",
    "L53_F351_std",
    "L31_F15111_max",
    "L31_F15111_mean",
    "L31_F15111_count",
    "L31_F15111_std"
  ],
  "coefficients": [
    -0.021884913758501497,
    0.04735223012419879,
    0.07821714164549547,
    0.028170069475340433,
    0.0872753782014062,
    0.06016652698587923,
    0.05648555013937069,
    0.08254537235329247,
    0.06723364404360826,
    0.10880925706385772,
    0.10152462840291085,
    0.09950978100187809,
    -0.0498474415657043,
    0.025064860874881856,
    0.07594681474258443,
    -0.013907219181851165,
    -0.015067273653600773,
    -0.017081144883315837,
    -0.030147278863316668,
    -0.024813822351513082,
    0.02037125884769087,
    -0.0017725573686293672,
    -0.020367088284913955,
    0.018775353617309597,
    0.04379767431402226,
    0.021473189254247387,
    -0.041525777752462675,
    0.03868576515104399,
    0.03134403214822134,
    0.02484841600532073,
    0.02260274228062978,
    0.03067942564309252
  ],
  "intercept": -0.05440163472886882,
  "best_threshold": 0.4055463381730585,
  "scaler_mean": [
    839.0,
    14.175560141509434,
    47.27358490566038,
    66.70990566037736,
    691.7665094339623,
    8.218835218897405,
    15.5,
    51.381706957547166,
    941.5283018867924,
    9.856076798349056,
    14.537735849056604,
    71.83637971698113,
    4311.396226415094,
    14.52181603773585,
    3.1320754716981134,
    221.14150943396226,
    3348.6792452830186,
    9.639593160377359,
    3.830188679245283,
    158.29245283018867,
    968.1580188679245,
    6.746075324292453,
    10.132075471698114,
    63.381191037735846,
    2819.5471698113206,
    26.72759433962264,
    14.424528301886792,
    208.1509433962264,
    120.97169811320755,
    0.38820461057267097,
    1.9150943396226414,
    5.725231242629717
  ],
  "scaler_std": [
    115.44475114113129,
    5.99568435713935,
    15.597250010920785,
    15.915687970553003,
    535.3452810033288,
    13.330855561899684,
    17.870736066182886,
    50.484029791263346,
    385.69550526796246,
    8.684025468446057,
    12.559424431216259,
    38.5992578167942,
    676.3745289275657,
    6.425936401946835,
    1.705017410955828,
    52.02257105918931,
    521.4179424428326,
    3.8973402332348654,
    3.424307389308908,
    35.58128270438383,
    453.1579852346466,
    3.8503583664670664,
    4.576551127292159,
    29.40896408754143,
    717.913185639205,
    10.198263748387076,
    7.132106668595039,
    53.303871227043615,
    243.52994498554693,
    0.8889426431601245,
    2.713063868975032,
    11.936514016336325
  ]
}