{
  "base": {
    "train": 0.828,
    "eval": 0.6132075471698113,
    "auroc": 0.5950089126559714
  },
  "trained": {
    "train": 0.744,
    "eval": 0.5660377358490566,
    "auroc": 0.6595365418894831
  }
}