{
  "config": {
    "max_seq_len": 512,
    "batch_size": 16,
    "n_folds": 3,
    "n_seeds": 3,
    "svd_components": 500,
    "max_train_per_class": 1000,
    "layers_to_test": [
      0,
      4,
      8,
      12,
      16,
      20,
      24,
      28
    ],
    "sae_release": "llama_scope_lxm_32x",
    "base_model": "meta-llama/Llama-3.1-8B",
    "trained_model": "vincentoh/llama-8b-af-detector"
  },
  "timestamp": "2026-01-05T18:18:12.728016",
  "experiments": {
    "l0_base_logreg": {
      "layer": 0,
      "model": "base",
      "clf": "logreg",
      "cv_auroc": {
        "m": 0.9477506313563929,
        "s": 0.0008805120827127244
      },
      "eval_auroc": {
        "m": 0.6787878787878787,
        "s": 0.0
      },
      "eval_acc": {
        "m": 0.6415094339622641,
        "s": 0.0
      },
      "eval_f1": {
        "m": 0.5476190476190477,
        "s": 0.0
      }
    },
    "l0_base_rf": {
      "layer": 0,
      "model": "base",
      "clf": "rf",
      "cv_auroc": {
        "m": 0.927090571417533,
        "s": 0.002797856058939893
      },
      "eval_auroc": {
        "m": 0.6625074272133096,
        "s": 0.012038209161857742
      },
      "eval_acc": {
        "m": 0.6163522012578616,
        "s": 0.008894424920585502
      },
      "eval_f1": {
        "m": 0.4739091318038687,
        "s": 0.018767116549710458
      }
    },
    "l0_trained_logreg": {
      "layer": 0,
      "model": "trained",
      "clf": "logreg",
      "cv_auroc": {
        "m": 0.9490850323569271,
        "s": 0.00041861092097089214
      },
      "eval_auroc": {
        "m": 0.6884135472370767,
        "s": 0.0
      },
      "eval_acc": {
        "m": 0.6037735849056604,
        "s": 0.0
      },
      "eval_f1": {
        "m": 0.47500000000000003,
        "s": 0.0
      }
    },
    "l0_trained_rf": {
      "layer": 0,
      "model": "trained",
      "clf": "rf",
      "cv_auroc": {
        "m": 0.9330136301748633,
        "s": 0.002096483011230386
      },
      "eval_auroc": {
        "m": 0.6381461675579322,
        "s": 0.003148577848958262
      },
      "eval_acc": {
        "m": 0.6132075471698113,
        "s": 0.013341637380878252
      },
      "eval_f1": {
        "m": 0.484584521169887,
        "s": 0.03082869761438858
      }
    },
    "l4_base_logreg": {
      "layer": 4,
      "model": "base",
      "clf": "logreg",
      "cv_auroc": {
        "m": 0.919069084369115,
        "s": 0.000541980009925067
      },
      "eval_auroc": {
        "m": 0.5946524064171123,
        "s": 0.0
      },
      "eval_acc": {
        "m": 0.5660377358490566,
        "s": 0.0
      },
      "eval_f1": {
        "m": 0.48888888888888893,
        "s": 0.0
      }
    },
    "l4_base_rf": {
      "layer": 4,
      "model": "base",
      "clf": "rf",
      "cv_auroc": {
        "m": 0.9211323930549145,
        "s": 0.0018869414238359469
      },
      "eval_auroc": {
        "m": 0.6003565062388593,
        "s": 0.0029072203975578957
      },
      "eval_acc": {
        "m": 0.5754716981132075,
        "s": 0.013341637380878252
      },
      "eval_f1": {
        "m": 0.4398774585521574,
        "s": 0.007211956803790892
      }
    },
    "l4_trained_logreg": {
      "layer": 4,
      "model": "trained",
      "clf": "logreg",
      "cv_auroc": {
        "m": 0.8981867867639868,
        "s": 0.00046817168469661194
      },
      "eval_auroc": {
        "m": 0.6106951871657753,
        "s": 0.0
      },
      "eval_acc": {
        "m": 0.5754716981132075,
        "s": 0.0
      },
      "eval_f1": {
        "m": 0.4578313253012048,
        "s": 0.0
      }
    },
    "l4_trained_rf": {
      "layer": 4,
      "model": "trained",
      "clf": "rf",
      "cv_auroc": {
        "m": 0.904070345902897,
        "s": 0.0008266757678690524
      },
      "eval_auroc": {
        "m": 0.5941176470588235,
        "s": 0.009290847160494366
      },
      "eval_acc": {
        "m": 0.5754716981132075,
        "s": 0.007702797933280433
      },
      "eval_f1": {
        "m": 0.5654447439353101,
        "s": 0.018814608279800374
      }
    },
    "l8_base_logreg": {
      "layer": 8,
      "model": "base",
      "clf": "logreg",
      "cv_auroc": {
        "m": 0.7108784547136072,
        "s": 0.0013844448423651979
      },
      "eval_auroc": {
        "m": 0.6559714795008913,
        "s": 0.0
      },
      "eval_acc": {
        "m": 0.5566037735849056,
        "s": 0.0
      },
      "eval_f1": {
        "m": 0.6618705035971223,
        "s": 0.0
      }
    },
    "l8_base_rf": {
      "layer": 8,
      "model": "base",
      "clf": "rf",
      "cv_auroc": {
        "m": 0.7149181423245907,
        "s": 0.0011795788097473082
      },
      "eval_auroc": {
        "m": 0.6141414141414142,
        "s": 0.008236160044467178
      },
      "eval_acc": {
        "m": 0.4905660377358491,
        "s": 5.551115123125783e-17
      },
      "eval_f1": {
        "m": 0.64,
        "s": 0.0
      }
    },
    "l8_trained_logreg": {
      "layer": 8,
      "model": "trained",
      "clf": "logreg",
      "cv_auroc": {
        "m": 0.7411964361069154,
        "s": 0.008499988024741693
      },
      "eval_auroc": {
        "m": 0.6306595365418894,
        "s": 0.0
      },
      "eval_acc": {
        "m": 0.5283018867924528,
        "s": 0.0
      },
      "eval_f1": {
        "m": 0.647887323943662,
        "s": 0.0
      }
    },
    "l8_trained_rf": {
      "layer": 8,
      "model": "trained",
      "clf": "rf",
      "cv_auroc": {
        "m": 0.7364829524758916,
        "s": 0.0021995293563793973
      },
      "eval_auroc": {
        "m": 0.6281639928698753,
        "s": 0.012840000020918833
      },
      "eval_acc": {
        "m": 0.5377358490566038,
        "s": 0.0
      },
      "eval_f1": {
        "m": 0.652482269503546,
        "s": 0.0
      }
    },
    "l12_base_logreg": {
      "layer": 12,
      "model": "base",
      "clf": "logreg",
      "cv_auroc": {
        "m": 0.8654299825590877,
        "s": 0.0012338616924412891
      },
      "eval_auroc": {
        "m": 0.5522281639928699,
        "s": 0.0
      },
      "eval_acc": {
        "m": 0.5377358490566038,
        "s": 0.0
      },
      "eval_f1": {
        "m": 0.6423357664233577,
        "s": 0.0
      }
    },
    "l12_base_rf": {
      "layer": 12,
      "model": "base",
      "clf": "rf",
      "cv_auroc": {
        "m": 0.8572059319033839,
        "s": 0.0008144711544736452
      },
      "eval_auroc": {
        "m": 0.5462269756387403,
        "s": 0.0060925607788989205
      },
      "eval_acc": {
        "m": 0.5377358490566038,
        "s": 0.0
      },
      "eval_f1": {
        "m": 0.6423357664233577,
        "s": 0.0
      }
    },
    "l12_trained_logreg": {
      "layer": 12,
      "model": "trained",
      "clf": "logreg",
      "cv_auroc": {
        "m": 0.8053735480098969,
        "s": 0.0007694556879685601
      },
      "eval_auroc": {
        "m": 0.5240641711229945,
        "s": 0.0
      },
      "eval_acc": {
        "m": 0.4905660377358491,
        "s": 5.551115123125783e-17
      },
      "eval_f1": {
        "m": 0.5846153846153846,
        "s": 0.0
      }
    },
    "l12_trained_rf": {
      "layer": 12,
      "model": "trained",
      "clf": "rf",
      "cv_auroc": {
        "m": 0.8198238263318314,
        "s": 0.0006949734479515475
      },
      "eval_auroc": {
        "m": 0.4809269162210339,
        "s": 0.00934540606642799
      },
      "eval_acc": {
        "m": 0.4842767295597484,
        "s": 0.004447212460292751
      },
      "eval_f1": {
        "m": 0.6238387655487325,
        "s": 0.004453514603599707
      }
    },
    "l16_base_logreg": {
      "layer": 16,
      "model": "base",
      "clf": "logreg",
      "cv_auroc": {
        "m": 0.9376967267147865,
        "s": 0.0035454260530497655
      },
      "eval_auroc": {
        "m": 0.5019607843137255,
        "s": 0.0
      },
      "eval_acc": {
        "m": 0.5377358490566038,
        "s": 0.0
      },