{
  "config": {
    "layer": 40,
    "top_k_features": 50,
    "needle_indices": [
      15822,
      11984,
      634,
      2006,
      3011,
      13024,
      1723,
      5570,
      4559,
      6071,
      1423,
      4540,
      871,
      3828,
      8922,
      2919,
      760,
      13871,
      635,
      3158,
      5894,
      352,
      483,
      7763,
      7858,
      2706,
      2303,
      2108,
      3358,
      7698,
      1275,
      1846,
      15781,
      1416,
      569,
      4306,
      10439,
      4377,
      10275,
      5122,
      3773,
      4841,
      624,
      103,
      507,
      179,
      2511,
      5003,
      5478,
      2879
    ]
  },
  "training": {
    "n_samples": 2330,
    "n_af": 520,
    "auroc": 1.0
  },
  "gold_106": {
    "n_samples": 106,
    "n_af": 51,
    "auroc": 0.47023172905525845,
    "accuracy": 0.4716981132075472,
    "per_sample_probs": [
      0.9998465510182408,
      0.0495185554977646,
      0.1386350839556308,
      0.904535718260691,
      0.8949802882038159,
      0.9561009078338277,
      0.025674919423623665,
      0.032966676269077955,
      0.2262551178489753,
      0.8460129381560698,
      0.7960426336860743,
      0.10493171226180006,
      0.8354562346725732,
      0.2083600488038825,
      0.42818538390222977,
      0.9893659784696315,
      0.1215946405105659,
      0.16420212994729644,
      0.9987196138603807,
      0.8300146023631669,
      0.9997343986263799,
      0.189919078783506,
      0.9996124165708402,
      0.999426116983599,
      0.0648266423552182,
      0.8533061331339705,
      0.10535824126422,
      0.024140258971998545,
      0.6157944110386682,
      0.19056296783329732,
      0.12539008897241835,
      0.6895503688210526,
      0.7594119885512529,
      0.09137253535130836,
      0.991118408055981,
      0.20175848691857032,
      0.9999010357819507,
      0.9998376575333289,
      0.9997886855754436,
      0.9999999972331277,
      0.7886178483617687,
      0.9913421972097658,
      0.9999762012173644,
      0.3366257962288498,
      0.9556839303364238,
      0.27047176996166744,
      0.5252317634467554,
      0.99977910747137,
      0.009628227107767902,
      0.12066412740698147,
      0.24127489649499953,
      0.07442141948875776,
      0.9942814234281258,
      0.9999910192728987,
      0.999568259095811,
      0.9997532326426557,
      0.9620287079089859,
      0.33662918201599346,
      0.23019865657502916,
      0.0022604437909308876,
      0.16037449695559017,
      0.08498872644570504,
      0.9988713893180241,
      0.8137886898447488,
      0.23756034044954072,
      0.3199627912458766,
      0.9914483438468995,
      0.007777850485999383,
      0.028639463839750693,
      0.05476596705467516,
      0.4029668597929493,
      0.5382702154921918,
      0.9957713492942504,
      0.7574132231977826,
      0.4924372998791138,
      0.9997473560145008,
      0.9760853568879251,
      0.9246558962631704,
      0.5021187778805696,
      0.29367240044897636,
      0.12340688741095238,
      0.0646152471100414,
      0.1760942210987679,
      0.97713204808261,
      0.04571209860730641,
      0.9901704681019684,
      0.9407790809756874,
      0.17993112762056052,
      0.9459661818065732,
      0.687104701712377,
      0.1477642568498505,
      0.9999150076048949,
      0.9526296861669524,
      0.7928735435688807,
      0.059224741428664164,
      0.006252132332089092,
      0.11233828973875493,
      0.9999453239872873,
      0.9880080555491332,
      0.9992213806382456,
      0.9992656682520052,
      0.6151781298374822,
      0.8147003964538344,
      0.8698529076160987,
      0.9454594759708553,
      0.00379756266099312
    ],
    "per_sample_preds": [
      1,
      0,
      0,
      1,
      1,
      1,
      0,
      0,
      0,
      1,
      1,
      0,
      1,
      0,
      0,
      1,
      0,
      0,
      1,
      1,
      1,
      0,
      1,
      1,
      0,
      1,
      0,
      0,
      1,
      0,
      0,
      1,
      1,
      0,
      1,
      0,
      1,
      1,
      1,
      1,
      1,
      1,
      1,
      0,
      1,
      0,
      1,
      1,
      0,
      0,
      0,
      0,
      1,
      1,
      1,
      1,
      1,
      0,
      0,
      0,
      0,
      0,
      1,
      1,
      0,
      0,
      1,
      0,
      0,
      0,
      0,
      1,
      1,
      1,
      0,
      1,
      1,
      1,
      1,
      0,
      0,
      0,
      0,
      1,
      0,
      1,
      1,
      0,
      1,
      1,
      0,
      1,
      1,
      1,
      0,
      0,
      0,
      1,
      1,
      1,
      1,
      1,
      1,
      1,
      1,
      0
    ],
    "per_sample_labels": [
      1,
      0,
      1,
      0,
      0,
      1,
      0,
      1,
      1,
      1,
      1,
      1,
      1,
      1,
      1,
      1,
      1,
      1,
      0,
      0,
      0,
      0,
      1,
      0,
      0,
      1,
      0,
      0,
      1,
      1,
      1,
      0,
      0,
      0,
      0,
      1,
      0,
      0,
      0,
      0,
      1,
      0,
      1,
      1,
      1,
      1,
      0,
      0,
      1,
      0,
      0,
      1,
      0,
      1,
      1,
      0,
      0,
      1,
      0,
      0,
      1,
      0,
      1,
      1,
      1,
      0,
      1,
      0,
      1,
      0,
      0,
      0,
      0,
      1,
      0,
      0,
      0,
      1,
      1,
      1,
      0,
      0,
      0,
      1,
      0,
      0,
      0,
      1,
      0,
      1,
      0,
      1,
      0,
      1,
      1,
      0,
      1,
      0,
      0,
      0,
      1,
      0,
      1,
      0,
      1,
      1
    ]
  },
  "generalization": {
    "train_auroc": 1.0,
    "gold_auroc": 0.47023172905525845,
    "delta": -0.5297682709447415
  }
}