{
  "model": "GPT-OSS-20B",
  "sae": "Goodfire/Hackathon-gpt-oss-20b-SAE-l15",
  "layer": 15,
  "n_needles_used": 20,
  "training_auroc": 1.0,
  "gold_auroc": 0.562566844919786,
  "gold_accuracy": 0.5660377358490566,
  "generalizing_features": [
    {
      "feature_idx": 25837,
      "train_auroc": 0.8292493625159372,
      "gold_auroc": 0.660427807486631
    },
    {
      "feature_idx": 36418,
      "train_auroc": 0.8723300042498938,
      "gold_auroc": 0.6265597147950089
    }
  ],
  "n_generalizing": 2
}