{
  "model": "gemma-3-27b-it",
  "train_cv_auroc": 0.9347200000000001,
  "train_cv_std": 0.012901573547439874,
  "gold106_auroc": 0.7201426024955436,
  "n_train": 1500,
  "n_test": 106,
  "feature_dim": 32,
  "probe_features": [
    "L40_F12574",
    "L40_F8921",
    "L40_F15484",
    "L53_F15529",
    "L53_F8003",
    "L53_F4824",
    "L53_F351",
    "L31_F15111"
  ]
}