{
  "eval_set": "gold_106",
  "n_samples": 106,
  "n_keywords": 41,
  "methods": {
    "count": {
      "auroc": 0.7506238859180037,
      "accuracy": 0.7169811320754716,
      "precision": 0.7058823529411765,
      "recall": 0.7058823529411765,
      "threshold": 0.4
    },
    "density": {
      "auroc": 0.7327985739750446,
      "accuracy": 0.6792452830188679,
      "precision": 0.6349206349206349,
      "recall": 0.7843137254901961,
      "threshold": 0.35
    }
  },
  "comparison": {
    "llama_finetuned": 0.9166,
    "gemma_sae_probe": 0.7201,
    "keyword_best": 0.7506238859180037
  }
}